id,x,y,fix_x,fix_y,movable
0,-7.5,0.0,1,1,0
1,-4.5,0.0,0,0,0
2,-1.5,0.0,0,0,0
3,1.5,0.0,0,0,0
4,4.5,0.0,0,0,0
5,7.5,0.0,0,1,0
6,-7.407842306953006,-1.74453669845136,0,0,1
7,-4.97388927262028,-5.030149812868954,0,0,1
8,0.00022478018761168134,-6.939886896773589,0,0,1
9,4.97388927262028,-5.030149812868954,0,0,1
10,7.407842306953006,-1.74453669845136,0,0,1
