id,x,y,fix_x,fix_y,movable
0,-7.5,0.0,1,1,0
1,-4.5,0.0,0,0,0
2,-1.5,0.0,0,0,0
3,1.5,0.0,0,0,0
4,4.5,0.0,0,0,0
5,7.5,0.0,0,1,0
6,-7.406741565123747,-1.7464144763910068,0,0,1
7,-4.966234900272999,-5.036463133828805,0,0,1
8,0.0012673219320756988,-6.94324493983431,0,0,1
9,4.966234900272999,-5.036463133828805,0,0,1
10,7.406741565123747,-1.7464144763910068,0,0,1
