id,x,y,fix_x,fix_y,movable
0,-7.5,0.0,1,1,0
1,-4.5,0.0,0,0,0
2,-1.5,0.0,0,0,0
3,1.5,0.0,0,0,0
4,4.5,0.0,0,0,0
5,7.5,0.0,0,1,0
6,-7.3830756722846465,-1.7798430333512654,0,0,1
7,-4.923218271608265,-5.074088944769018,0,0,1
8,0.01010744524253157,-6.969465128380345,0,0,1
9,4.923218271608265,-5.074088944769018,0,0,1
10,7.3830756722846465,-1.7798430333512654,0,0,1
