id,x,y,fix_x,fix_y,movable
0,-7.5,0.0,1,1,0
1,-5.25,0.0,0,0,0
2,-2.25,0.0,0,0,0
3,0.0,0.0,0,0,0
4,2.25,0.0,0,0,0
5,5.25,0.0,0,0,0
6,7.5,0.0,0,1,0
7,-7.140756166819923,-1.4662268570783037,0,0,1
8,-6.173548459643912,-3.264826562505105,0,0,1
9,-2.7384309297854075,-5.273442176688453,0,0,1
10,2.7384309297854075,-5.273442176688453,0,0,1
11,6.173548459643912,-3.264826562505105,0,0,1
12,7.140756166819923,-1.4662268570783037,0,0,1
