id,x,y,fix_x,fix_y,movable_x,movable_y
0,-7.5,0.0,1,1,0,0
1,-5.25,0.0,0,0,0,0
2,-2.25,0.0,0,0,0,0
3,0.0,0.0,0,0,0,0
4,2.25,0.0,0,0,0,0
5,5.25,0.0,0,0,0,0
6,7.5,0.0,0,1,0,0
7,-7.14074373907147,-1.4662165126339644,0,0,1,1
8,-6.173548459643912,-3.2648056889741217,0,0,1,1
9,-2.7385049686014273,-5.273442176688453,0,0,1,1
10,2.7385049686014273,-5.273442176688453,0,0,1,1
11,6.173548459643912,-3.2648056889741217,0,0,1,1
12,7.14074373907147,-1.4662165126339644,0,0,1,1
