id,x,y,fix_x,fix_y,movable_x,movable_y
0,-7.5,0.0,1,1,0,0
1,-5.25,0.0,0,0,0,0
2,-2.25,0.0,0,0,0,0
3,0.0,0.0,0,0,0,0
4,2.25,0.0,0,0,0,0
5,5.25,0.0,0,0,0,0
6,7.5,0.0,0,1,0,0
7,-7.14074373907147,-1.4662081697450131,0,0,1,1
8,-6.173546069702689,-3.2647758554487445,0,0,1,1
9,-2.738387417101097,-5.273442176688453,0,0,1,1
10,2.738387417101097,-5.273442176688453,0,0,1,1
11,6.173546069702689,-3.2647758554487445,0,0,1,1
12,7.14074373907147,-1.4662081697450131,0,0,1,1
