id,x,y,fix_x,fix_y,movable
0,-7.5,0.0,1,1,0
1,-4.5,0.0,0,0,0
2,-1.5,0.0,0,0,0
3,1.5,0.0,0,0,0
4,4.5,0.0,0,0,0
5,7.5,0.0,0,1,0
6,-6.857470810417727,-1.1566745852964455,0,0,1
7,-3.357275286199414,-4.411768706267712,0,0,1
8,0.0,-5.40123048939301,0,0,1
9,3.357275286199414,-4.411768706267712,0,0,1
10,6.857470810417727,-1.1566745852964455,0,0,1
11,-6.139099657764265,-1.979151333041075,0,0,1
12,6.139099657764265,-1.979151333041075,0,0,1
