id,x,y,fix_x,fix_y,movable
0,-7.5,0,1,1,0
1,-4.5,0,0,0,0
2,-1.5,0,0,0,0
3,1.5,0,0,0,0
4,4.5,0,0,0,0
5,7.5,0,0,1,0
6,-6.91378548084027,1.32000889000176,0,0,1
7,-5.8314532097172,2.62627165999112,0,0,1
8,0.0375554020177402,5.0625207531225,0,0,1
9,5.8276267735175,2.62983375480913,0,0,1
10,6.9152368413558,1.31866529288476,0,0,1
