id,x,y,fix_x,fix_y,movable
0,-7.5,0.0,1,1,0
1,-4.5,0.0,0,0,0
2,-1.5,0.0,0,0,0
3,1.5,0.0,0,0,0
4,4.5,0.0,0,0,0
5,7.5,0.0,0,1,0
6,-6.845701617624491,-1.1780875675883178,0,0,1
7,-3.443914392716581,-3.347478506314503,0,0,1
8,0.0,-4.1,0,0,1
9,3.443914392716581,-3.347478506314503,0,0,1
10,6.845701617624491,-1.1780875675883178,0,0,1
