id,x,y,fix_x,fix_y,movable
0,-7.5,0.0,1,1,0
1,-4.5,0.0,0,0,0
2,-1.5,0.0,0,0,0
3,1.5,0.0,0,0,0
4,4.5,0.0,0,0,0
5,7.5,0.0,0,1,0
6,-7.237000524178212,-0.9525577906891354,0,0,1
7,-4.278622761168098,-4.43062489027048,0,0,1
8,0.0,-5.784671950253149,0,0,1
9,4.278622761168098,-4.43062489027048,0,0,1
10,7.237000524178212,-0.9525577906891354,0,0,1
11,-6.631658225028213,-2.6186913954853117,0,0,1
12,6.631658225028213,-2.6186913954853117,0,0,1
