id,x,y,fix_x,fix_y,movable
0,-7.5,0.0,1,1,0
1,-4.5,0.0,0,0,0
2,-1.5,0.0,0,0,0
3,1.5,0.0,0,0,0
4,4.5,0.0,0,0,0
5,7.5,0.0,0,1,0
6,-6.884484991451137,1.3864312796217353,0,0,1
7,-3.6009905982411734,3.6837896411566775,0,0,1
8,0.0,4.48,0,0,1
9,3.6009905982411734,3.6837896411566775,0,0,1
10,6.884484991451137,1.3864312796217353,0,0,1
11,-6.2355215530917265,2.1082273793943944,0,0,1
12,6.2355215530917265,2.1082273793943944,0,0,1
